Id,FirstName,LastName,Email
randomuser-1,Torbjørn,Storheim,torbjorn.storheim@example.com
randomuser-2,Ayşe,Elmastaşoğlu,ayse.elmastasoglu@example.com
randomuser-3,Caroline,Lopez,caroline.lopez@example.com
randomuser-4,Omar,Henríquez,omar.henriquez@example.com
randomuser-5,Rose,Hill,rose.hill@example.com
randomuser-6,Niklas,Rantanen,niklas.rantanen@example.com
randomuser-7,Quirino,da Conceição,quirino.daconceicao@example.com
randomuser-8,Joanna,Dupont,joanna.dupont@example.com
randomuser-9,Emre,Saygıner,emre.sayginer@example.com
randomuser-10,Grace,Hall,grace.hall@example.com
randomuser-11,Nataliya,Krushelnickiy,nataliya.krushelnickiy@example.com
randomuser-12,Jordan,Gray,jordan.gray@example.com
randomuser-13,Rosario,Diaz,rosario.diaz@example.com
randomuser-14,Caleb,Palmer,caleb.palmer@example.com
randomuser-15,Rosinete,Silva,rosinete.silva@example.com
randomuser-16,Evan,Ferguson,evan.ferguson@example.com
randomuser-17,Alisa,Taylor,alisa.taylor@example.com
randomuser-18,Nurdan,Akışık,nurdan.akisik@example.com
randomuser-19,Laura,Sørensen,laura.sorensen@example.com
randomuser-20,Daniel,Cruz,daniel.cruz@example.com
randomuser-21,Ferdinand,Duval,ferdinand.duval@example.com
randomuser-22,Vincent,White,vincent.white@example.com
randomuser-23,Frida,Sørensen,frida.sorensen@example.com
randomuser-24,Ladomila,Limariev,ladomila.limariev@example.com
randomuser-25,Saranya,Gupta,saranya.gupta@example.com
randomuser-26,Roxane,Thomas,roxane.thomas@example.com
randomuser-27,Sarah,Romero,sarah.romero@example.com
randomuser-28,Claudio,Uribe,claudio.uribe@example.com
randomuser-29,آرسین,علیزاده,arsyn.aalyzdh@example.com
randomuser-30,Brankica,Bajević,brankica.bajevic@example.com
randomuser-31,النا,صدر,ln.sdr@example.com
randomuser-32,Charlot,Weterings,charlot.weterings@example.com
randomuser-33,Zack,Howard,zack.howard@example.com
randomuser-34,Marta,Moya,marta.moya@example.com
randomuser-35,Alfredo,Paredes,alfredo.paredes@example.com
randomuser-36,Patricia,Cortes,patricia.cortes@example.com
randomuser-37,Signe,Svihus,signe.svihus@example.com
randomuser-38,José,Fernández,jose.fernandez@example.com
randomuser-39,Gerlind,Weidemann,gerlind.weidemann@example.com
randomuser-40,Clyde,Rice,clyde.rice@example.com
randomuser-41,Glenda,Davidson,glenda.davidson@example.com
randomuser-42,Ildo,Silva,ildo.silva@example.com
randomuser-43,Pivoniya,Burinskiy,pivoniya.burinskiy@example.com
randomuser-44,Balendra,Dhamdhame,balendra.dhamdhame@example.com
randomuser-45,Ida,Jensen,ida.jensen@example.com
randomuser-46,Fitan,Saha,fitan.saha@example.com
randomuser-47,Namratha,Mugeraya,namratha.mugeraya@example.com
randomuser-48,Helena,Naranjo,helena.naranjo@example.com
randomuser-49,Jesse,Annala,jesse.annala@example.com
randomuser-50,Maria,Berry,maria.berry@example.com
randomuser-51,Vidyalaxmi,Kulkarni,vidyalaxmi.kulkarni@example.com
randomuser-52,Mauricio,Arguello,mauricio.arguello@example.com
randomuser-53,Polina,Schindler,polina.schindler@example.com
randomuser-54,Durval,Barbosa,durval.barbosa@example.com
randomuser-55,Guillermo,Blanco,guillermo.blanco@example.com
randomuser-56,Jeffery,Carr,jeffery.carr@example.com
randomuser-57,Andre,Guillaume,andre.guillaume@example.com
randomuser-58,Hilde,Elmi,hilde.elmi@example.com
randomuser-59,Maria,Rousseau,maria.rousseau@example.com
randomuser-60,Josep,Lozano,josep.lozano@example.com
randomuser-61,Emma,Andersen,emma.andersen@example.com
randomuser-62,Andrea,Andersen,andrea.andersen@example.com
randomuser-63,Charles,Ambrose,charles.ambrose@example.com
randomuser-64,Alberto,Reid,alberto.reid@example.com
randomuser-65,Faustine,Rodriguez,faustine.rodriguez@example.com
randomuser-66,Freya,Lee,freya.lee@example.com
randomuser-67,Anea,Haukås,anea.haukas@example.com
randomuser-68,ملینا,علیزاده,mlyn.aalyzdh@example.com
randomuser-69,Ken,Freeman,ken.freeman@example.com
randomuser-70,Mirco,Gröger,mirco.groger@example.com
randomuser-71,Roland,Reichl,roland.reichl@example.com
randomuser-72,Chloé,Roux,chloe.roux@example.com
randomuser-73,Joel,Gregory,joel.gregory@example.com
randomuser-74,Nagraj,Shenoy,nagraj.shenoy@example.com
randomuser-75,Jeanne,Clark,jeanne.clark@example.com
randomuser-76,Mikkel,Thomsen,mikkel.thomsen@example.com
randomuser-77,Lia,Gonzalez,lia.gonzalez@example.com
randomuser-78,Corey,Coleman,corey.coleman@example.com
randomuser-79,Hans-Rudolf,Ferstl,hans-rudolf.ferstl@example.com
randomuser-80,Jonas,Larsen,jonas.larsen@example.com
randomuser-81,Raymonde,Marchand,raymonde.marchand@example.com
randomuser-82,Mitchell,Kim,mitchell.kim@example.com
randomuser-83,Gaëtan,Fabre,gaetan.fabre@example.com
randomuser-84,Françoise,Bourgeois,francoise.bourgeois@example.com
randomuser-85,Lloyd,Jordan,lloyd.jordan@example.com
randomuser-86,Kurilo,Kiva,kurilo.kiva@example.com
randomuser-87,رضا,جعفری,rd.jaafry@example.com
randomuser-88,Isla,Taylor,isla.taylor@example.com
randomuser-89,مهدیس,نجاتی,mhdys.njty@example.com
randomuser-90,Tilo,Ertl,tilo.ertl@example.com
randomuser-91,Svitlana,Opanasyuk,svitlana.opanasyuk@example.com
randomuser-92,Alberto,Concepción,alberto.concepcion@example.com
randomuser-93,Charlotte,Blanc,charlotte.blanc@example.com
randomuser-94,Valdemar,Kristensen,valdemar.kristensen@example.com
randomuser-95,Alexis,Pelletier,alexis.pelletier@example.com
randomuser-96,Rose,Kowalski,rose.kowalski@example.com
randomuser-97,Ramses,Carrera,ramses.carrera@example.com
randomuser-98,Hussain,Bieshaar,hussain.bieshaar@example.com
randomuser-99,Margarita,Campos,margarita.campos@example.com
randomuser-100,ملینا,صدر,mlyn.sdr@example.com
randomuser-101,Nicole,West,nicole.west@example.com
randomuser-102,Hunter,Wright,hunter.wright@example.com
randomuser-103,Afet,Tüzün,afet.tuzun@example.com
randomuser-104,Adele,Stendal,adele.stendal@example.com
randomuser-105,Lisa,Byrd,lisa.byrd@example.com
randomuser-106,Afet,Kurutluoğlu,afet.kurutluoglu@example.com
randomuser-107,Aquilino,Peixoto,aquilino.peixoto@example.com
randomuser-108,Charlie,Slawa,charlie.slawa@example.com
randomuser-109,Nathan,Moore,nathan.moore@example.com
randomuser-110,Sauro,Ferreira,sauro.ferreira@example.com
randomuser-111,Pahal,Nayak,pahal.nayak@example.com
randomuser-112,Nina,Evans,nina.evans@example.com
randomuser-113,Natalie,Wood,natalie.wood@example.com
randomuser-114,Filomeno,Fernandes,filomeno.fernandes@example.com
randomuser-115,Rose,Patterson,rose.patterson@example.com
randomuser-116,Urszula,Birkholz,urszula.birkholz@example.com
randomuser-117,Janet,Chambers,janet.chambers@example.com
randomuser-118,Lonnie,Taylor,lonnie.taylor@example.com
randomuser-119,Emilia,Giménez,emilia.gimenez@example.com
randomuser-120,Jerome,Gutierrez,jerome.gutierrez@example.com
randomuser-121,Tord,Fjellstad,tord.fjellstad@example.com
randomuser-122,Polina,Gavrishkevich,polina.gavrishkevich@example.com
randomuser-123,Patricia,Diez,patricia.diez@example.com
randomuser-124,Daimy,America,daimy.america@example.com
randomuser-125,Matthew,Lévesque,matthew.levesque@example.com
randomuser-126,Yvar,Nijeboer,yvar.nijeboer@example.com
randomuser-127,Inga,Akimenko,inga.akimenko@example.com
randomuser-128,Anneliese,Leclerc,anneliese.leclerc@example.com
randomuser-129,Eleonora,Kovač,eleonora.kovac@example.com
randomuser-130,Judith,Payne,judith.payne@example.com
randomuser-131,Leonard,Dumas,leonard.dumas@example.com
randomuser-132,Alisa,Aho,alisa.aho@example.com
randomuser-133,Xavier,Vargas,xavier.vargas@example.com
randomuser-134,بهاره,محمدخان,bhrh.mhmdkhn@example.com
randomuser-135,Freja,Jørgensen,freja.jorgensen@example.com
randomuser-136,Jubeline,da Cunha,jubeline.dacunha@example.com
randomuser-137,Nadin,Geßner,nadin.gessner@example.com
randomuser-138,Smruthi,Kini,smruthi.kini@example.com
randomuser-139,Inna,Kindler,inna.kindler@example.com
randomuser-140,Özkan,Tazegül,ozkan.tazegul@example.com
randomuser-141,Alberte,Jensen,alberte.jensen@example.com
randomuser-142,Ethan,Ma,ethan.ma@example.com
randomuser-143,علی,زارعی,aaly.zraay@example.com
randomuser-144,Ted,Fuller,ted.fuller@example.com
randomuser-145,Robin,Schiffer,robin.schiffer@example.com
randomuser-146,Harvey,Castro,harvey.castro@example.com
randomuser-147,Toby,Kumar,toby.kumar@example.com
randomuser-148,Aaliyah,Green,aaliyah.green@example.com
randomuser-149,Ayten,Cornelius,ayten.cornelius@example.com
randomuser-150,Janko,Španović,janko.spanovic@example.com
randomuser-151,Shelly,Morris,shelly.morris@example.com
randomuser-152,Etienne,Lo,etienne.lo@example.com
randomuser-153,Dragana,Deschamps,dragana.deschamps@example.com
randomuser-154,Roxanna,Hoeks,roxanna.hoeks@example.com
randomuser-155,Heinz Dieter,Lauterbach,heinzdieter.lauterbach@example.com
randomuser-156,Adrijana,Milovanović,adrijana.milovanovic@example.com
randomuser-157,Dominykas,Drevland,dominykas.drevland@example.com
randomuser-158,Philippe,Bergeron,philippe.bergeron@example.com
randomuser-159,Manuel,Márquez,manuel.marquez@example.com
randomuser-160,Vicente,Barros,vicente.barros@example.com
randomuser-161,Dorieke,Hoff,dorieke.hoff@example.com
randomuser-162,Allie,Freeman,allie.freeman@example.com
randomuser-163,Gerry,Huiskes,gerry.huiskes@example.com
randomuser-164,Necati,Demirbaş,necati.demirbas@example.com
randomuser-165,Dejan,Vujčić,dejan.vujcic@example.com
randomuser-166,Alice,Fleming,alice.fleming@example.com
randomuser-167,Agnes,Ringdal,agnes.ringdal@example.com
randomuser-168,Nina,Urošević,nina.urosevic@example.com
randomuser-169,Marcíntia,Caldeira,marcintia.caldeira@example.com
randomuser-170,Vincent,Brooks,vincent.brooks@example.com
randomuser-171,Markus,Martinez,markus.martinez@example.com
randomuser-172,Karin,Perez,karin.perez@example.com
randomuser-173,Babür,Tuğluk,babur.tugluk@example.com
randomuser-174,Mayte,Santiago,mayte.santiago@example.com
randomuser-175,Maja,Sørensen,maja.sorensen@example.com
randomuser-176,Erick,Steenhuis,erick.steenhuis@example.com
randomuser-177,Raf,Horst,raf.horst@example.com
randomuser-178,Gabriel,Lam,gabriel.lam@example.com
randomuser-179,Marialda,Fernandes,marialda.fernandes@example.com
randomuser-180,Albert,Larsen,albert.larsen@example.com
randomuser-181,Coşkun,Koyuncu,coskun.koyuncu@example.com
randomuser-182,Estefanía,Jaimes,estefania.jaimes@example.com
randomuser-183,Zahar,Cibenko,zahar.cibenko@example.com
randomuser-184,Elisa,Santana,elisa.santana@example.com
randomuser-185,مرسانا,رضایی,mrsn.rdyy@example.com
randomuser-186,باران,گلشن,brn.glshn@example.com
randomuser-187,Kadija,Kalloe,kadija.kalloe@example.com
randomuser-188,مانی,حیدری,mny.hydry@example.com
randomuser-189,Ayub,Dang,ayub.dang@example.com
randomuser-190,Navin,Brussen,navin.brussen@example.com
randomuser-191,Diego,Cano,diego.cano@example.com
randomuser-192,Gaspar,Souza,gaspar.souza@example.com
randomuser-193,Dagmar,Perrin,dagmar.perrin@example.com
randomuser-194,José,Vega,jose.vega@example.com
randomuser-195,Javier,Navarro,javier.navarro@example.com
randomuser-196,Gregory,Simmmons,gregory.simmmons@example.com
randomuser-197,Benvindo,Nascimento,benvindo.nascimento@example.com
randomuser-198,Marion,Clement,marion.clement@example.com
randomuser-199,Julius,Lampo,julius.lampo@example.com
randomuser-200,Abdou,Van 't Riet,abdou.van'triet@example.com
randomuser-201,Lauriana,Ferreira,lauriana.ferreira@example.com
randomuser-202,Teerth,Vernekar,teerth.vernekar@example.com
randomuser-203,Nehrika,Manjunath,nehrika.manjunath@example.com
randomuser-204,Guillaume,Tuitert,guillaume.tuitert@example.com
randomuser-205,Claude,Fisher,claude.fisher@example.com
randomuser-206,Lumi,Tanner,lumi.tanner@example.com
randomuser-207,Ryan,Moreno,ryan.moreno@example.com
randomuser-208,Oscar,Rasmussen,oscar.rasmussen@example.com
randomuser-209,Alisa,Kovchi,alisa.kovchi@example.com
randomuser-210,Víctor,Rojo,victor.rojo@example.com
randomuser-211,Malik,Gagnon,malik.gagnon@example.com
randomuser-212,Tanya,Austin,tanya.austin@example.com
randomuser-213,Ranbir,Fernandes,ranbir.fernandes@example.com
randomuser-214,Ganna,Lyashenko,ganna.lyashenko@example.com
randomuser-215,Candice,Kuhn,candice.kuhn@example.com
randomuser-216,Jeremy,Carlson,jeremy.carlson@example.com
randomuser-217,Malo,Rey,malo.rey@example.com
randomuser-218,Christy,Sims,christy.sims@example.com
randomuser-219,Samuel,Vargas,samuel.vargas@example.com
randomuser-220,Vicky,Holmes,vicky.holmes@example.com
randomuser-221,Zoe,Jones,zoe.jones@example.com
randomuser-222,Silvia,Dumont,silvia.dumont@example.com
randomuser-223,Megan,Anderson,megan.anderson@example.com
randomuser-224,Hilla,Maki,hilla.maki@example.com
randomuser-225,Jamila,da Mata,jamila.damata@example.com
randomuser-226,Florence,Lord,florence.lord@example.com
randomuser-227,Mara,Schiffmann,mara.schiffmann@example.com
randomuser-228,Leevi,Ranta,leevi.ranta@example.com
randomuser-229,Gerardo,Regalado,gerardo.regalado@example.com
randomuser-230,Niara,Barbosa,niara.barbosa@example.com
randomuser-231,Róbin,Haze,robin.haze@example.com
randomuser-232,Max,Bryant,max.bryant@example.com
randomuser-233,Adrijana,Subašić,adrijana.subasic@example.com
randomuser-234,Robert,Powell,robert.powell@example.com
randomuser-235,Daryl,Porter,daryl.porter@example.com
randomuser-236,Eelis,Perko,eelis.perko@example.com
randomuser-237,Tjarco,Van Bergeijk,tjarco.vanbergeijk@example.com
randomuser-238,Melvin,Nelson,melvin.nelson@example.com
randomuser-239,Magdalina,Martinenko,magdalina.martinenko@example.com
randomuser-240,Ariane,Fernandes,ariane.fernandes@example.com
randomuser-241,Ramon,Martinez,ramon.martinez@example.com
randomuser-242,Bruce,Shaw,bruce.shaw@example.com
randomuser-243,Vera,Danilović,vera.danilovic@example.com
randomuser-244,Victor,Jean-Baptiste,victor.jean-baptiste@example.com
randomuser-245,Francine,Ferreira,francine.ferreira@example.com
randomuser-246,Ethan,Wilson,ethan.wilson@example.com
randomuser-247,غزل,حسینی,gzl.hsyny@example.com
randomuser-248,Gautam,Kouser,gautam.kouser@example.com
randomuser-249,Yunnuel,Trujillo,yunnuel.trujillo@example.com
randomuser-250,Olivia,Andersen,olivia.andersen@example.com
randomuser-251,Ella,Johansen,ella.johansen@example.com
randomuser-252,Lucas,Wilson,lucas.wilson@example.com
randomuser-253,Martín,Villanueva,martin.villanueva@example.com
randomuser-254,Kornilo,Gutirya,kornilo.gutirya@example.com
randomuser-255,Nick,Harris,nick.harris@example.com
randomuser-256,Sophie,Kumar,sophie.kumar@example.com
randomuser-257,Melania,Španović,melania.spanovic@example.com
randomuser-258,Constance,Johnson,constance.johnson@example.com
randomuser-259,Kazka,Oberemko,kazka.oberemko@example.com
randomuser-260,Antonio,Campos,antonio.campos@example.com
randomuser-261,رضا,احمدی,rd.hmdy@example.com
randomuser-262,Billy,Gordon,billy.gordon@example.com
randomuser-263,Scarlett,Cooper,scarlett.cooper@example.com
randomuser-264,Julie,Denis,julie.denis@example.com
randomuser-265,Sofia,Hietala,sofia.hietala@example.com
randomuser-266,Mathieu,Michel,mathieu.michel@example.com
randomuser-267,Anabel,Nazario,anabel.nazario@example.com
randomuser-268,Zhito,Bidnyak,zhito.bidnyak@example.com
randomuser-269,Ayaan,Shetty,ayaan.shetty@example.com
randomuser-270,Willow,Wood,willow.wood@example.com
randomuser-271,Tristan,Nicolas,tristan.nicolas@example.com
randomuser-272,Eevi,Lampo,eevi.lampo@example.com
randomuser-273,Gordana,Subašić,gordana.subasic@example.com
randomuser-274,عرشيا,جعفری,aarshy.jaafry@example.com
randomuser-275,Umut,Ilıcalı,umut.ilicali@example.com
randomuser-276,Evan,Gauthier,evan.gauthier@example.com
randomuser-277,Gilberto,Contreras,gilberto.contreras@example.com
randomuser-278,Ángel,Crespo,angel.crespo@example.com
randomuser-279,Rich,Chapman,rich.chapman@example.com
randomuser-280,Elias,Barbier,elias.barbier@example.com
randomuser-281,Juana,Vega,juana.vega@example.com
randomuser-282,Addison,Gill,addison.gill@example.com
randomuser-283,Jill,Hart,jill.hart@example.com
randomuser-284,Toni,Dietl,toni.dietl@example.com
randomuser-285,Ellen,Laakso,ellen.laakso@example.com
randomuser-286,Anabel,Concepción,anabel.concepcion@example.com
randomuser-287,Heiko,Gerard,heiko.gerard@example.com
randomuser-288,Dulce María,Almonte,dulcemaria.almonte@example.com
randomuser-289,Rodney,Armstrong,rodney.armstrong@example.com
randomuser-290,Isaac,Riviere,isaac.riviere@example.com
randomuser-291,Gail,Beck,gail.beck@example.com
randomuser-292,Marvin,Gutierrez,marvin.gutierrez@example.com
randomuser-293,Gina,Kvinlaug,gina.kvinlaug@example.com
randomuser-294,Oraldina,Ribeiro,oraldina.ribeiro@example.com
randomuser-295,Dhipu,Bal,dhipu.bal@example.com
randomuser-296,Caridad,Burgos,caridad.burgos@example.com
randomuser-297,Lucie,Legrand,lucie.legrand@example.com
randomuser-298,Mila,Chen,mila.chen@example.com
randomuser-299,Ella,Toro,ella.toro@example.com
randomuser-300,Divera,Fennema,divera.fennema@example.com
randomuser-301,Lucia,Parra,lucia.parra@example.com
randomuser-302,Scarlett,Wells,scarlett.wells@example.com
randomuser-303,Patricia,Pineda,patricia.pineda@example.com
randomuser-304,Önal,Bayındır,onal.bayindir@example.com
randomuser-305,Korbinian,Bley,korbinian.bley@example.com
randomuser-306,Önal,Topaloğlu,onal.topaloglu@example.com
randomuser-307,Andrine,Stordahl,andrine.stordahl@example.com
randomuser-308,Gloria,Anderson,gloria.anderson@example.com
randomuser-309,Esther,Verduzco,esther.verduzco@example.com
randomuser-310,Ashvin,Adams,ashvin.adams@example.com
randomuser-311,Lilja,Moilanen,lilja.moilanen@example.com
randomuser-312,Coşkun,Yetkiner,coskun.yetkiner@example.com
randomuser-313,Asunción,Gutiérrez,asuncion.gutierrez@example.com
randomuser-314,Ronnie,Bishop,ronnie.bishop@example.com
randomuser-315,Jimi,Manninen,jimi.manninen@example.com
randomuser-316,Stefaniya,Ulicka,stefaniya.ulicka@example.com
randomuser-317,Teresa,Álvarez,teresa.alvarez@example.com
randomuser-318,Eva,Singh,eva.singh@example.com
randomuser-319,Brita,Ahrens,brita.ahrens@example.com
randomuser-320,Osipa,Gnatenko,osipa.gnatenko@example.com
randomuser-321,Viktor,Achterkamp,viktor.achterkamp@example.com
randomuser-322,Marlene,Stegmann,marlene.stegmann@example.com
randomuser-323,Allan,Gilbert,allan.gilbert@example.com
randomuser-324,Verena,Mooijman,verena.mooijman@example.com
randomuser-325,Susan,Walker,susan.walker@example.com
randomuser-326,محمدعلی,کوتی,mhmdaaly.khwty@example.com
randomuser-327,Gopika,Bharanya,gopika.bharanya@example.com
randomuser-328,Horiv,Ikonnikov,horiv.ikonnikov@example.com
randomuser-329,Swathi,Shroff,swathi.shroff@example.com
randomuser-330,Toni,Gibson,toni.gibson@example.com
randomuser-331,Estefanía,Zamora,estefania.zamora@example.com
randomuser-332,Jacobo,Granados,jacobo.granados@example.com
randomuser-333,Rahma,Brinksma,rahma.brinksma@example.com
randomuser-334,Alex,Louis,alex.louis@example.com
randomuser-335,Louise,Cooper,louise.cooper@example.com
randomuser-336,Mikola,Yakushenko,mikola.yakushenko@example.com
randomuser-337,Abhishek,Chiplunkar,abhishek.chiplunkar@example.com
randomuser-338,Nino,Perez,nino.perez@example.com
randomuser-339,Marcos,Nieto,marcos.nieto@example.com
randomuser-340,Phoebe,Washington,phoebe.washington@example.com
randomuser-341,Christian,Moreno,christian.moreno@example.com
randomuser-342,Farah,Van der West,farah.vanderwest@example.com
randomuser-343,فاطمه,كامياران,ftmh.kmyrn@example.com
randomuser-344,Vladimir,Scheck,vladimir.scheck@example.com
randomuser-345,Jasmine,Davies,jasmine.davies@example.com
randomuser-346,Ismet,Köster,ismet.koster@example.com
randomuser-347,Melike,Köylüoğlu,melike.koyluoglu@example.com
randomuser-348,Jovica,Todorović,jovica.todorovic@example.com
randomuser-349,August,Poulsen,august.poulsen@example.com
randomuser-350,Danieke,Yigit,danieke.yigit@example.com
randomuser-351,Gabriëla,Verkroost,gabriela.verkroost@example.com
randomuser-352,محیا,حسینی,mhy.hsyny@example.com
randomuser-353,Cildo,Oliveira,cildo.oliveira@example.com
randomuser-354,David,Gomez,david.gomez@example.com
randomuser-355,Rafael,Gonzalez,rafael.gonzalez@example.com
randomuser-356,Stephen,Fletcher,stephen.fletcher@example.com
randomuser-357,Iselin,Svela,iselin.svela@example.com
randomuser-358,Sean,Collins,sean.collins@example.com
randomuser-359,Martha,Hansen,martha.hansen@example.com
randomuser-360,Bajram,Perrin,bajram.perrin@example.com
randomuser-361,Yuniya,Cushko,yuniya.cushko@example.com
randomuser-362,Alex,Menard,alex.menard@example.com
randomuser-363,Dwayne,Snyder,dwayne.snyder@example.com
randomuser-364,Rayaan,Anand,rayaan.anand@example.com
randomuser-365,Angèle,Girard,angele.girard@example.com
randomuser-366,Alan,Weisser,alan.weisser@example.com
randomuser-367,Mehmet,Abacı,mehmet.abaci@example.com
randomuser-368,John,Sanders,john.sanders@example.com
randomuser-369,Dwayne,Carter,dwayne.carter@example.com
randomuser-370,Robrecht,Van de Meeberg,robrecht.vandemeeberg@example.com
randomuser-371,Bachittar,Naik,bachittar.naik@example.com
randomuser-372,Renato,Scherf,renato.scherf@example.com
randomuser-373,Vira,Sopronyuk,vira.sopronyuk@example.com
randomuser-374,Ella,Nielsen,ella.nielsen@example.com
randomuser-375,Bilomir,Chernadchuk,bilomir.chernadchuk@example.com
randomuser-376,Silvija,Topić,silvija.topic@example.com
randomuser-377,Corey,Curtis,corey.curtis@example.com
randomuser-378,Vincent,Caldwell,vincent.caldwell@example.com
randomuser-379,Emile,Roy,emile.roy@example.com
randomuser-380,Amanda,Scott,amanda.scott@example.com
randomuser-381,Chester,Weaver,chester.weaver@example.com
randomuser-382,Iman,Nordtveit,iman.nordtveit@example.com
randomuser-383,Owen,Peters,owen.peters@example.com
randomuser-384,Peyton,Kumar,peyton.kumar@example.com
randomuser-385,Soufiane,Verdam,soufiane.verdam@example.com
randomuser-386,Milo,Richard,milo.richard@example.com
randomuser-387,Ross,Powell,ross.powell@example.com
randomuser-388,Alexis,Lam,alexis.lam@example.com
randomuser-389,Andreja,Drljača,andreja.drljaca@example.com
randomuser-390,Lina,Gauthier,lina.gauthier@example.com
randomuser-391,الینا,زارعی,lyn.zraay@example.com
randomuser-392,Linus,Lefevre,linus.lefevre@example.com
randomuser-393,Bertram,Thomsen,bertram.thomsen@example.com
randomuser-394,Zachary,Wilson,zachary.wilson@example.com
randomuser-395,Lorraine,Jimenez,lorraine.jimenez@example.com
randomuser-396,Rakel,Årseth,rakel.arseth@example.com
randomuser-397,عباس,کوتی,aabs.khwty@example.com
randomuser-398,Hredhaan,Rao,hredhaan.rao@example.com
randomuser-399,David,Nordlund,david.nordlund@example.com
randomuser-400,Julia,Hopkins,julia.hopkins@example.com
randomuser-401,Susanna,Kril,susanna.kril@example.com
randomuser-402,Ruben,Wiegmann,ruben.wiegmann@example.com
randomuser-403,Klara,Hubert,klara.hubert@example.com
randomuser-404,Volkan,Kuday,volkan.kuday@example.com
randomuser-405,Lily,Henry,lily.henry@example.com
randomuser-406,Ronith,Taj,ronith.taj@example.com
randomuser-407,بهاره,سهيلي راد,bhrh.shylyrd@example.com
randomuser-408,Christina,Robinson,christina.robinson@example.com
randomuser-409,Becky,May,becky.may@example.com
randomuser-410,Daniela,Cabán,daniela.caban@example.com
randomuser-411,Pratima,Rajesh,pratima.rajesh@example.com
randomuser-412,Melike,Akşit,melike.aksit@example.com
randomuser-413,Nandielly,Silva,nandielly.silva@example.com
randomuser-414,Kübra,Adıvar,kubra.adivar@example.com
randomuser-415,Luz,Riojas,luz.riojas@example.com
randomuser-416,Giovanni,Reichelt,giovanni.reichelt@example.com
randomuser-417,Jon,Fletcher,jon.fletcher@example.com
randomuser-418,Dominykas,Skjold,dominykas.skjold@example.com
randomuser-419,Marie,Hansen,marie.hansen@example.com
randomuser-420,Gordogost,Dzyadik,gordogost.dzyadik@example.com
randomuser-421,Stephanie,Deckert,stephanie.deckert@example.com
randomuser-422,Dan,Peck,dan.peck@example.com
randomuser-423,Žarko,Srećković,zarko.sreckovic@example.com
randomuser-424,Hotze,Winnubst,hotze.winnubst@example.com
randomuser-425,Asya,Babich,asya.babich@example.com
randomuser-426,Marinko,Šotra,marinko.sotra@example.com
randomuser-427,Nalan,Özdenak,nalan.ozdenak@example.com
randomuser-428,Onur,Ağaoğlu,onur.agaoglu@example.com
randomuser-429,Clara,Méndez,clara.mendez@example.com
randomuser-430,Tracy,Stephens,tracy.stephens@example.com
randomuser-431,Brent,Williamson,brent.williamson@example.com
randomuser-432,Lillian,Williams,lillian.williams@example.com
randomuser-433,Ritthy,Lambert,ritthy.lambert@example.com
randomuser-434,Derrick,Wilson,derrick.wilson@example.com
randomuser-435,Snežana,Todorović,snezana.todorovic@example.com
randomuser-436,Steven,Perkins,steven.perkins@example.com
randomuser-437,طاها,سهيلي راد,th.shylyrd@example.com
randomuser-438,Victoria,Moreno,victoria.moreno@example.com
randomuser-439,Lilian,Klassen,lilian.klassen@example.com
randomuser-440,Gloria,Torres,gloria.torres@example.com
randomuser-441,Julia,Lévesque,julia.levesque@example.com
randomuser-442,Matilda,Hildre,matilda.hildre@example.com
randomuser-443,Fahd,Siebelink,fahd.siebelink@example.com
randomuser-444,Zoltan,Hertwig,zoltan.hertwig@example.com
randomuser-445,Astrid,Sørensen,astrid.sorensen@example.com
randomuser-446,Julie,Webb,julie.webb@example.com
randomuser-447,Joann,Henry,joann.henry@example.com
randomuser-448,Martin,Hughes,martin.hughes@example.com
randomuser-449,Lilica,Almeida,lilica.almeida@example.com
randomuser-450,Noer,Scheurwater,noer.scheurwater@example.com
randomuser-451,Ceylan,Koçyiğit,ceylan.kocyigit@example.com
randomuser-452,Christina,Spiegel,christina.spiegel@example.com
randomuser-453,Dalemil,Sisunenko,dalemil.sisunenko@example.com
randomuser-454,Luisa,Lorenzo,luisa.lorenzo@example.com
randomuser-455,Abraham,de la Fuente,abraham.delafuente@example.com
randomuser-456,Walter,Jackson,walter.jackson@example.com
randomuser-457,Naveen,Holla,naveen.holla@example.com
randomuser-458,Claudia,Pérez,claudia.perez@example.com
randomuser-459,Wallace,Hawkins,wallace.hawkins@example.com
randomuser-460,Maeva,Scott,maeva.scott@example.com
randomuser-461,Agenor,Duarte,agenor.duarte@example.com
randomuser-462,Mikkel,Nielsen,mikkel.nielsen@example.com
randomuser-463,Davut,Karaer,davut.karaer@example.com
randomuser-464,Vildan,Karadaş,vildan.karadas@example.com
randomuser-465,Wendy,Cornejo,wendy.cornejo@example.com
randomuser-466,Anne,Nodland,anne.nodland@example.com
randomuser-467,Marion,Leclercq,marion.leclercq@example.com
randomuser-468,Milagros,Molina,milagros.molina@example.com
randomuser-469,Isabella,Long,isabella.long@example.com
randomuser-470,آدرین,سهيلي راد,adryn.shylyrd@example.com
randomuser-471,Valentin,Leclerc,valentin.leclerc@example.com
randomuser-472,Soledad,Fuentes,soledad.fuentes@example.com
randomuser-473,Blanca,Ruiz,blanca.ruiz@example.com
randomuser-474,Paul,Lambert,paul.lambert@example.com
randomuser-475,دانیال,نجاتی,dnyl.njty@example.com
randomuser-476,Clara,Mortensen,clara.mortensen@example.com
randomuser-477,Umut,Erez,umut.erez@example.com
randomuser-478,Emily,Jackson,emily.jackson@example.com
randomuser-479,Maïwenn,Morin,maiwenn.morin@example.com
randomuser-480,Daniel,Ouellet,daniel.ouellet@example.com
randomuser-481,Zachary,Wright,zachary.wright@example.com
randomuser-482,Sara,Poulsen,sara.poulsen@example.com
randomuser-483,Margot,Guerin,margot.guerin@example.com
randomuser-484,Eva,Evans,eva.evans@example.com
randomuser-485,Éric,Leclercq,eric.leclercq@example.com
randomuser-486,Jordi,Castro,jordi.castro@example.com
randomuser-487,Jolanda,Hanisch,jolanda.hanisch@example.com
randomuser-488,Carine,Gautier,carine.gautier@example.com
randomuser-489,Alexandre,Miller,alexandre.miller@example.com
randomuser-490,Shubha,Kouser,shubha.kouser@example.com
randomuser-491,Eira,Haga,eira.haga@example.com
randomuser-492,Lothar,Kolodziej,lothar.kolodziej@example.com
randomuser-493,Snovid,Makuh,snovid.makuh@example.com
randomuser-494,Lyubomil,Paley,lyubomil.paley@example.com
randomuser-495,Alban,Rasch,alban.rasch@example.com
randomuser-496,Giray,Tunaboylu,giray.tunaboylu@example.com
randomuser-497,Perry,Henry,perry.henry@example.com
randomuser-498,Domingo,Montero,domingo.montero@example.com
randomuser-499,Samuel,Kari,samuel.kari@example.com
randomuser-500,Antonio,Rhodes,antonio.rhodes@example.com
jsonplaceholder-1,Leanne,Graham,Sincere@april.biz
jsonplaceholder-2,Ervin,Howell,Shanna@melissa.tv
jsonplaceholder-3,Clementine,Bauch,Nathan@yesenia.net
jsonplaceholder-4,Patricia,Lebsack,Julianne.OConner@kory.org
jsonplaceholder-5,Chelsey,Dietrich,Lucio_Hettinger@annie.ca
jsonplaceholder-6,Mrs.,Dennis,Karley_Dach@jasper.info
jsonplaceholder-7,Kurtis,Weissnat,Telly.Hoeger@billy.biz
jsonplaceholder-8,Nicholas,Runolfsdottir,Sherwood@rosamond.me
jsonplaceholder-9,Glenna,Reichert,Chaim_McDermott@dana.io
jsonplaceholder-10,Clementina,DuBuque,Rey.Padberg@karina.biz
dummyjson-1,Emily,Johnson,emily.johnson@x.dummyjson.com
dummyjson-2,Michael,Williams,michael.williams@x.dummyjson.com
dummyjson-3,Sophia,Brown,sophia.brown@x.dummyjson.com
dummyjson-4,James,Davis,james.davis@x.dummyjson.com
dummyjson-5,Emma,Miller,emma.miller@x.dummyjson.com
dummyjson-6,Olivia,Wilson,olivia.wilson@x.dummyjson.com
dummyjson-7,Alexander,Jones,alexander.jones@x.dummyjson.com
dummyjson-8,Ava,Taylor,ava.taylor@x.dummyjson.com
dummyjson-9,Ethan,Martinez,ethan.martinez@x.dummyjson.com
dummyjson-10,Isabella,Anderson,isabella.anderson@x.dummyjson.com
dummyjson-11,Liam,Garcia,liam.garcia@x.dummyjson.com
dummyjson-12,Mia,Rodriguez,mia.rodriguez@x.dummyjson.com
dummyjson-13,Noah,Hernandez,noah.hernandez@x.dummyjson.com
dummyjson-14,Charlotte,Lopez,charlotte.lopez@x.dummyjson.com
dummyjson-15,William,Gonzalez,william.gonzalez@x.dummyjson.com
dummyjson-16,Avery,Perez,avery.perez@x.dummyjson.com
dummyjson-17,Evelyn,Sanchez,evelyn.sanchez@x.dummyjson.com
dummyjson-18,Logan,Torres,logan.torres@x.dummyjson.com
dummyjson-19,Abigail,Rivera,abigail.rivera@x.dummyjson.com
dummyjson-20,Jackson,Evans,jackson.evans@x.dummyjson.com
dummyjson-21,Madison,Collins,madison.collins@x.dummyjson.com
dummyjson-22,Elijah,Stewart,elijah.stewart@x.dummyjson.com
dummyjson-23,Chloe,Morales,chloe.morales@x.dummyjson.com
dummyjson-24,Mateo,Nguyen,mateo.nguyen@x.dummyjson.com
dummyjson-25,Harper,Kelly,harper.kelly@x.dummyjson.com
dummyjson-26,Evelyn,Gonzalez,evelyn.gonzalez@x.dummyjson.com
dummyjson-27,Daniel,Cook,daniel.cook@x.dummyjson.com
dummyjson-28,Lily,Lee,lily.lee@x.dummyjson.com
dummyjson-29,Henry,Hill,henry.hill@x.dummyjson.com
dummyjson-30,Addison,Wright,addison.wright@x.dummyjson.com
reqres-1,George,Bluth,george.bluth@reqres.in
reqres-2,Janet,Weaver,janet.weaver@reqres.in
reqres-3,Emma,Wong,emma.wong@reqres.in
reqres-4,Eve,Holt,eve.holt@reqres.in
reqres-5,Charles,Morris,charles.morris@reqres.in
reqres-6,Tracey,Ramos,tracey.ramos@reqres.in
